Name,Type,operatorType,Symbol,isBuiltIn,omitParentheses,LaTeX Commands
Logarithm,function,,log,TRUE,TRUE,\log
Logarithm Base 10,function,,lg,TRUE,TRUE,\lg
Logarithm Base 2,function,,log,TRUE,TRUE,\log
Logarithm Base 2,function,,lb,TRUE,TRUE,
Natural Logarithm,function,,ln,TRUE,TRUE,\ln
Greatest Common Divisor,function,,gcd,TRUE,FALSE,\gcd
Least Common Multiple,function,,lcm,TRUE,FALSE,\lcm
Omega Function,function,,œâ,TRUE,FALSE,
Capital Omega Function,function,,Œ©,TRUE,FALSE,
Euler Totient Function,function,,ùúô,FALSE,FALSE,\phi
Dirichlet Function,function,,D,FALSE,FALSE,
Riemann Function,function,,R,FALSE,FALSE,
Modulo,function,,mod,TRUE,FALSE,
Arithmetic Mean,function,,AM,TRUE,FALSE,
Average,function,,AM,TRUE,FALSE,
Geometric Mean,function,,GM,TRUE,FALSE,
Arithmetic-Geometric Mean,function,,AGM,TRUE,FALSE,
Min,function,,min,TRUE,FALSE,\min
Max,function,,max,TRUE,FALSE,\max
Exponential Function,function,,exp,TRUE,FALSE,
Differential,function,,d,TRUE,TRUE,
Second Differential,function,,d,TRUE,TRUE,
Third Differential,function,,d,TRUE,TRUE,
N-Differential,function,,d,TRUE,TRUE,
Partial Differential,function,,‚àÇ,TRUE,TRUE,\partial
Second Partial Differential,function,,‚àÇ,TRUE,TRUE,
Third Partial Differential,function,,‚àÇ,TRUE,TRUE,
N-Partial Differential,function,,‚àÇ,TRUE,TRUE,
Delta,function,,Œî,TRUE,TRUE,
Summation,function,,‚àë,TRUE,TRUE,\sum
Wedge Sum,function,,‚ãÅ,TRUE,FALSE,\bigwedge
Direct Sum,function,,‚®Å,TRUE,TRUE,\bigoplus
Large Tensor Product,function,,‚®Ç,TRUE,TRUE,\bigotimes
Product,function,,‚àè,TRUE,TRUE,\prod
Coproduct,function,,‚àê,TRUE,TRUE,\coprod
Integral,function,,‚à´,TRUE,TRUE,\int
Indefinite Integral,function,,‚à´,TRUE,TRUE,\int
Double Integral,function,,‚à¨,TRUE,TRUE,\iint
Triple Integral,function,,‚à≠,TRUE,TRUE,\iiint
Contour Integral,function,,‚àÆ,TRUE,TRUE,\oint
Clockwise Integral,function,,‚à±,TRUE,TRUE,\oint
Clockwise Contour Integral,function,,‚à≤,TRUE,TRUE,\oint
Anticlockwise Contour Integral,function,,‚à≥,TRUE,TRUE,\oint
Surface Integral,function,,‚àØ,TRUE,TRUE,\oiint
Volume Integral,function,,‚à∞,TRUE,TRUE,\oiiint
Limit,function,,lim,TRUE,TRUE,\lim
Divergence,function,,div,TRUE,FALSE,
Curl,function,,curl,TRUE,FALSE,
Absolute Value,function,,abs,TRUE,FALSE,\left| \right|
Argument Of A Complex Number,function,,arg,TRUE,FALSE,
Lagrangian,function,,‚Ñí,TRUE,FALSE,
Hamiltonian,function,,H,TRUE,FALSE,
Fourier Transform,function,,‚Ñ±,TRUE,FALSE,
Fourier Bessel Transform,function,,‚Ñ±,TRUE,FALSE,
Potential Energy,function,,V,TRUE,FALSE,
Abel Transform,function,,g,TRUE,FALSE,
Instrument Function,function,,I,TRUE,FALSE,
Distance Between Two Points,function,,dist,TRUE,FALSE,
Determinant,function,,det,TRUE,FALSE,
Trace,function,,tr,TRUE,FALSE,
Rank,function,,rank,TRUE,FALSE,
Wave Function,function,,œà,FALSE,FALSE,
Bessel Function,function,,J,TRUE,FALSE,
Gamma Function,function,,Œì,TRUE,FALSE,
Dirac Function,function,,Œ¥,FALSE,FALSE,
Heaviside Function,function,,H,FALSE,FALSE,
Kronecker Delta,function,,Œ¥,FALSE,FALSE,
Riemann Zeta Function,function,,Œ∂,FALSE,FALSE,
Bateman Function,function,,K,FALSE,FALSE,
Beta Function,function,,B,FALSE,FALSE,
Expected Value,function,,E,TRUE,FALSE,
Standard Deviation,function,,œÉ,FALSE,FALSE,
Covariance,function,,cov,TRUE,FALSE,
Variance,function,,var,TRUE,FALSE,
Probability,function,,P,TRUE,FALSE,
Correlation,function,,corr,TRUE,FALSE,
Median,function,,med,TRUE,FALSE,
Mode,function,,mode,TRUE,FALSE,
Absolute Deviation,function,,Œî,TRUE,TRUE,
Average Absolute Deviaton,function,,AAD,TRUE,FALSE,
Absolute Error,function,,Œî,TRUE,TRUE,
Sine,function,,sin,TRUE,TRUE,\sin
Arcsine,function,,asin,TRUE,TRUE,\arcsin
Cosine,function,,cos,TRUE,TRUE,\cos
Arccosine,function,,acos,TRUE,TRUE,\arccos
Tangent,function,,tan,TRUE,TRUE,\tan
Arctangent,function,,atan,TRUE,TRUE,\arctan
Cotangent,function,,cot,TRUE,TRUE,\cot
Arccotangent,function,,acot,TRUE,TRUE,\acot
Secant,function,,sec,TRUE,TRUE,\sec
Arcsecant,function,,asec,TRUE,TRUE,
Cosecant,function,,csc,TRUE,TRUE,\csc
Arccosecant,function,,acsc,TRUE,TRUE,
Hyperbolic Sine,function,,sinh,TRUE,TRUE,\sinh
Hyperbolic Cosine,function,,cosh,TRUE,TRUE,\cosh
Hyperbolic Tangent,function,,tanh,TRUE,TRUE,\tanh
Hyperbolic Cotangent,function,,coth,TRUE,TRUE,\coth
Hyperbolic Secant,function,,sech,TRUE,TRUE,
Hyperbolic Cosecant,function,,csch,TRUE,TRUE,
Hyperbolic Arcsine,function,,arcsinh,TRUE,TRUE,
Hyperbolic Arccosine,function,,arccosh,TRUE,TRUE,
Hyperbolic Arctangent,function,,arctanh,TRUE,TRUE,
Hyperbolic Arccotangent,function,,arccoth,TRUE,TRUE,
Hyperbolic Arcsecant,function,,arcsech,TRUE,TRUE,
Hyperbolic Arccosecant,function,,arccsch,TRUE,TRUE,
Atan2,function,,atan2,TRUE,TRUE,
Versine,function,,versin,TRUE,TRUE,
Coversine,function,,cvs,TRUE,TRUE,
Exsecant,function,,exsec,TRUE,TRUE,
Excosecant,function,,excsc,TRUE,TRUE,
Haversine,function,,haversin,TRUE,TRUE,
Hacoversine,function,,hacoversin,TRUE,TRUE,
Gudermannian,function,,gd,TRUE,TRUE,
Kamp√© De F√©riet Function,function,,F,FALSE,FALSE,
Arc Length,function,,s,FALSE,FALSE,
Barnes G-Function,function,,G,FALSE,FALSE,
Beurling'S Function,function,,B,FALSE,FALSE,
Bit Length,function,,BL,FALSE,FALSE,
Window Function,function,,W,FALSE,FALSE,
Blackman Function,function,,B,FALSE,FALSE,
Blancmange Function,function,,blanc,FALSE,FALSE,
Butterfly Function,function,,f,FALSE,FALSE,
Buchstab Function,function,,œâ,FALSE,FALSE,
Kernel,function,,ker,FALSE,FALSE,
Boxcar Function,function,,–ü,FALSE,FALSE,
Exponental Generating Function,function,,EG,FALSE,FALSE,
Definite Integral Evaluation,function,,‚à£,TRUE,TRUE,\left. \raisebox{1em}{} \right
Poisson Generating Function,function,,PG,FALSE,FALSE,
Boustrophedon Transform,function,,b,FALSE,FALSE,
Bourget Function,function,,J,FALSE,FALSE,
D'Alembert Operator,function,,‚óª,TRUE,FALSE,
Metric Signature,function,,sign,TRUE,FALSE,
Power Set,function,,P,FALSE,FALSE,
Union Of Sets,function,,‚ãÉ,TRUE,FALSE,\bigcup
Intersection Of Sets,function,,‚ãÇ,TRUE,FALSE,\bigcap
N-Ary Logical And,function,,‚ãÄ,TRUE,FALSE,\bigwedge
N-Ary Logical Or,function,,‚ãÅ,TRUE,FALSE,\bigvee
Disjoint Union,function,,‚®Ü,TRUE,FALSE,\bigsqcup
Subset Of,operatorSymbol,,‚äÇ,,,\subset
Double Subset,operatorSymbol,,‚ãê,,,\Subset
Not A Subset Of,operatorSymbol,,‚äÑ,,,
Double Superset,operatorSymbol,,‚ãë,,,\Supset
Gradient,operatorSymbol,,‚àá,,,\nabla
Laplacian,operatorSymbol,,‚àá,,,\nabla^2
Plus,operatorSymbol,,#ERROR!,,,
Divide By,operatorSymbol,,/,,,
Superset Of,operatorSymbol,,‚äÉ,,,\supset
Not A Superset Of,operatorSymbol,,‚äÖ,,,\not\supset
Superset Of Or Equal To,operatorSymbol,,‚äá,,,\supseteq
Superset Of With Not Equal To,operatorSymbol,,‚äã,,,\supsetneq
Subset Of With Not Equal To,operatorSymbol,,‚ää,,,\subsetneq
Not An Imrpoper Superset,operatorSymbol,,‚äâ,,,\nsupseteq
Subset Of Of Equal To,operatorSymbol,,‚äÜ,,,\subseteq
Not Improper Subset,operatorSymbol,,‚äà,,,\nsubseteq
Subtraction,operatorSymbol,,-,,,
Element Of,operatorSymbol,,‚àà,,,\in
Not An Element Of,operatorSymbol,,‚àâ,,,\notin
Division,operatorSymbol,,√∑,,,\div
Multiplication,operatorSymbol,,‚ãÖ,,,\times
Bullet Operator,operatorSymbol,,‚àô,,,\bullet
Multiplication,operatorSymbol,,√ó,,,\times
Plus-Minus,operatorSymbol,,¬±,,,\pm
Minus-Plus,operatorSymbol,,‚àì,,,\mp
Belongs To,operatorSymbol,,‚àã,,,\ni
Dot Plus,operatorSymbol,,‚àî,,,\dotplus
Does Not Belong To,operatorSymbol,,‚àå,,,\notni
Proportional To,operatorSymbol,,‚àù,,,\varpropto
Ratio,operatorSymbol,,‚à∂,,,\Colon
As,operatorSymbol,,‚à∑,,,
Set Difference,operatorSymbol,,‚àñ,,,\setminus
Equal,operatorSymbol,,#ERROR!,,,
Cartesian Product,operatorSymbol,,‚®Ø,,,\times
Cross Product,operatorSymbol,,‚®Ø,,,\times
Not Equal,operatorSymbol,,‚â†,,,\neq
Not Yet Demonstrated To Be Equal,operatorSymbol,,‚âü,,,\questeq
Equal To By Definition,operatorSymbol,,‚âù,,,\equiv
Delta Equal To,operatorSymbol,,‚âú,,,\triangleq
Ring In Equal To,operatorSymbol,,‚âñ,,,\eqcirc
Ring Equal To,operatorSymbol,,‚âó,,,\circeq
Corresponds To,operatorSymbol,,‚âò,,,
Estimates,operatorSymbol,,‚âô,,,
Equiangular to,operatorSymbol,,‚âö,,,
Star Equals,operatorSymbol,,‚âõ,,,
Precedes,operatorSymbol,,‚â∫,,,\prec
Not Precedes,operatorSymbol,,‚äÄ,,,\nprec
Less Than,operatorSymbol,,<,,,
Less Than With Dot,operatorSymbol,,‚ãñ,,,\lessdot
Greater Than With Dot,operatorSymbol,,‚ãó,,,\gtrdot
Less Than Or Equal To,operatorSymbol,,‚â§,,,\leq
Less Than Over Equal To,operatorSymbol,,‚â¶,,,\leqq
Greater Than Or Equal To,operatorSymbol,,‚âß,,,\geqq
Less Than But Not Equal To,operatorSymbol,,‚â®,,,\lneqq
Greater Than But Not Equal To,operatorSymbol,,‚â©,,,\gneqq
Less Than Or Equivalent To,operatorSymbol,,‚â≤,,,\lesssim
Greater Than Or Equivalent To,operatorSymbol,,‚â≥,,,\gtrsim
Neither Less Than Nor Equivalent To,operatorSymbol,,‚â¥,,,\not\lesssim
Neither Greater Than Nor Equivalent To,operatorSymbol,,‚âµ,,,\not\gtrsim
Not Less Than,operatorSymbol,,‚âÆ,,,\nless
Not Less Than Or Equal,operatorSymbol,,‚â∞,,,\nleq
Greater Than,operatorSymbol,,>,,,
Greater Than Or Equal,operatorSymbol,,‚â•,,,\geq
Not Greater Than Or Equal,operatorSymbol,,‚â±,,,\ngeq
Not Greater Than,operatorSymbol,,‚âØ,,,\ngtr
Much Greater Than,operatorSymbol,,‚â´,,,\gg
Neither Greater Than Nor Less Than,operatorSymbol,,‚âπ,,,\not\gtrless
Neither Less Than Nor Greater Than,operatorSymbol,,‚â∏,,,\not\lessgtr
Less Than Or Greater Than,operatorSymbol,,‚â∂,,,\lessgtr
Greater Than Or Less Than,operatorSymbol,,‚â∑,,,\gtrless
Succeeds,operatorSymbol,,‚âª,,,\succ
Does Not Succeed,operatorSymbol,,‚äÅ,,,\nsucc
Precedes Or Equal To,operatorSymbol,,‚âº,,,\preceq
Precedes Or Equivalent To,operatorSymbol,,‚âæ,,,\precsim
Succeeds Or Equivalent To,operatorSymbol,,‚âø,,,\succsim
Much Less Than,operatorSymbol,,‚â™,,,\ll
Very Much Less Than,operatorSymbol,,‚ãò,,,\lll
Very Much Greater Than,operatorSymbol,,‚ãô,,,\ggg
Succeeds Or Equal To,operatorSymbol,,‚âΩ,,,\succeq
Similar To,operatorSymbol,,~,,,\sim
Triple Tilde,operatorSymbol,,‚âã,,,\approx
Not Similar,operatorSymbol,,‚âÅ,,,\nsim
Difference Between,operatorSymbol,,‚âè,,,\bumpeq
Minus Tilde,operatorSymbol,,‚âÇ,,,\eqsim
Neither Approximately Nor Actually Equal To,operatorSymbol,,‚âá,,,\ncong
Sine Wave,operatorSymbol,,‚àø,,,\thicksim
Reversed Tilde,operatorSymbol,,‚àΩ,,,\backsim
Almost Equal Or Equal To,operatorSymbol,,‚âä,,,\approxeq
Almost Equal To,operatorSymbol,,‚âà,,,\approx
Not Almost Equal To,operatorSymbol,,‚ââ,,,\not\approx
"Algebra, Order Theory",operatorSymbol,,‚âí,,,\fallingdotseq
Image Of Or Approximately Equal To,operatorSymbol,,‚âì,,,\risingdotseq
Isomorphic To,operatorSymbol,,‚âÉ,,,\simeq
Approximately Equal,operatorSymbol,,‚âå,,,\cong
Equal To Or Approximately Equal To,operatorSymbol,,‚ãç,,,\backsimeq
Equivalent To,operatorSymbol,,‚â°,,,\equiv
Strictly Equivalent To,operatorSymbol,,‚â£,,,\equiv
Not Equivalent,operatorSymbol,,‚â¢,,,\neqiv
Approximately But Not Actually Equal,operatorSymbol,,‚âÜ,,,\simneqq
Defined As,operatorSymbol,,‚âî,,,\coloneqq
Not Asymptotically Equal,operatorSymbol,,‚âÑ,,,\nsime
Not Equivalent,operatorSymbol,,‚â≠,,,\nasymp
Wreath Product,operatorSymbol,,‚âÄ,,,\wr
Union,operatorSymbol,,‚à™,,,\cup
Logical And,operatorSymbol,,‚àß,,,\land
Logical Or,operatorSymbol,,‚à®,,,\lor
Intersection,operatorSymbol,,‚à©,,,\cap
Iintersect Transversally,operatorSymbol,,‚ãî,,,\pitchfork
Congruent,operatorSymbol,,‚âÖ,,,\cong
Join,operatorSymbol,,‚à®,,,\vee
Bottom Element,operatorSymbol,,‚ä•,,,\bot
Top Element,operatorSymbol,,‚ä§,,,\top
Square Image Of Or Equal To,operatorSymbol,,‚äë,,,\sqsubseteq
Square Original Of Or Equal To,operatorSymbol,,‚äí,,,\sqsupseteq
Square Image Of,operatorSymbol,,‚äè,,,\sqsubset
Square Original Of,operatorSymbol,,‚äê,,,\sqsupset
Dot Product,operatorSymbol,,‚ãÖ,,,\cdot
Divides,operatorSymbol,,|,,,"\vert, \mid"
Logical And,operatorSymbol,,‚àß,,,\land
Logical Or,operatorSymbol,,‚à®,,,\vee
Logical Exclisive Or,operatorSymbol,,‚äª,,,\veebar
Logical Nand,operatorSymbol,,‚äº,,,\barwedge
Logical Nor,operatorSymbol,,‚äΩ,,,\barvee
Implies,operatorSymbol,,‚Üí,,,\implies
For All,operatorSymbol,,‚àÄ,,,\forall
There Exists Exactly One,operatorSymbol,,‚àÉ!,,,\exists!
There Doesn't Exist,operatorSymbol,,‚àÑ,,,\nexists
Parallel,operatorSymbol,,‚à•,,,\parallel
Equal And Parallel To,operatorSymbol,,‚ãï,,,\parallel
Not Parallel To,operatorSymbol,,‚à¶,,,\nparallel
Perpendicular,operatorSymbol,,‚üÇ,,,\perp
Perpendicular Angle,operatorSymbol,,‚äæ,,,\measuredrightangle
Does Not Divide,operatorSymbol,,‚à§,,,\nmid
Angle,operatorSymbol,,‚à†,,,\angle
Measured Angle,operatorSymbol,,‚à°,,,\measuredangle
Excess,operatorSymbol,,‚àπ,,,\eqcolon
Geometric Proportion,operatorSymbol,,‚à∫,,,\ddiv
Right Angle,operatorSymbol,,‚àü,,,\rightangle
Triangle,operatorSymbol,,‚ñ≥,,,\triangle
Circle,operatorSymbol,,‚óã,,,\circ
Logical Not,operatorSymbol,,¬¨,,,\neg
If And Only If,operatorSymbol,,‚Üî,,,\iff
There Exists,operatorSymbol,,‚àÉ,,,\exists
Such That,operatorSymbol,,:,,,\ni
Approaches The Limit,operatorSymbol,,‚âê,,,
Proves,operatorSymbol,,‚ä¶,,,\vdash
Entails,operatorSymbol,,‚ä®,,,\models
Does Not Entail,operatorSymbol,,‚ä≠,,,\nVDash
Because,operatorSymbol,,‚àµ,,,\because
Between,operatorSymbol,,‚â¨,,,\between
Join,operatorSymbol,,‚ãà,,,\bowtie
Normal Subgroup,operatorSymbol,,‚ä≤,,,\vartriangleleft
Not Normal Subgroup,operatorSymbol,,‚ã™,,,\ntriangleleft
Normal Subgroup Or Equal,operatorSymbol,,‚ä¥,,,\trianglelefteq
Not Normal Subgroup Or Equal,operatorSymbol,,‚ã¨,,,\ntrianglelefteq
Contains As Normal Subgroup,operatorSymbol,,‚ä≥,,,\vartriangleright
Contains As Normal Subgroup Or Equal To,operatorSymbol,,‚äµ,,,\trianglerighteq
Does Not Contain As Normal Subgroup,operatorSymbol,,‚ã´,,,\ntriangleright
Does Not Contain As Normal Subgroup Or Equal To,operatorSymbol,,‚ã≠,,,\ntrianglerighteq
Does Not Form A Left Coset,operatorSymbol,,‚ãΩ,,,\varniobar
Disjoint Union,operatorSymbol,,‚äî,,,\coprod
Wedge Product,operatorSymbol,,‚ãè,,,\wedge
Diamond Operator,operatorSymbol,,‚ãÑ,,,\diamond
Divide-Times,operatorSymbol,,‚ãá,,,\divideontimes
Not Entailed,operatorSymbol,,‚ä¨,,,\doesnotentail
Monus,operatorSymbol,,‚à∏,,,\dotdiv
Double Intersection,operatorSymbol,,‚ãí,,,\doublecap
Double Union,operatorSymbol,,‚ãì,,,\doublecup
End Of Proof,operatorSymbol,,‚àé,,,\qed
Therefore,operatorSymbol,,‚à¥,,,\therefore
Sandwich,operatorSymbol,,‚âç,,,\asymp
Geometrically Equal,operatorSymbol,,‚âë,,,\Doteq
Geometrically Equivalent,operatorSymbol,,‚âé,,,\bumpeq
Homothetic,operatorSymbol,,‚àª,,,\kernelcontraction
Transpose,operatorSymbol,,‚ä∫,,,\intercal
Left Normal Factor Semidirect Product,operatorSymbol,,‚ãâ,,,\ltimes
Right Normal Factor Semidirect Product,operatorSymbol,,‚ãä,,,\rtimes
Left Semidirect Product,operatorSymbol,,‚ãã,,,\lthreetimes
Right Semidirect Product,operatorSymbol,,‚ãå,,,\rthreetimes
Tensor Product,operatorSymbol,,‚®Ç,,,\otimes
Direct Sum,operatorSymbol,,‚®Å,,,\oplus
Ellipsis,operatorSymbol,,‚ãØ,,,\ldots
3 Dots,operatorSymbol,,‚ãØ,,,\cdots
Measured By,operatorSymbol,,‚âû,,,\measeq
Multimap,operatorSymbol,,‚ä∏,,,\multimap
Hadamard Product,operatorSymbol,,‚®Ä,,,\odot
Khatri‚ÄìRao Product,operatorSymbol,,‚àó,,,\ast
Does Not Model,operatorSymbol,,‚äØ,,,\nVDash
Composition,operatorSymbol,,‚àò,,,\circ
Spherical Angle,operatorSymbol,,‚à¢,,,\measuredangle
Approaches,operatorSymbol,,‚Üí,,,\rightarrow
Rightwards Arrow,operatorSymbol,,‚Üí,,,\rightarrow
Then,operatorSymbol,,‚áí,,,\Rightarrow
Leftwards Arrow,operatorSymbol,,‚Üê,,,\leftarrow
Upwards Arrow,operatorSymbol,,‚Üë,,,\uparrow
Downwards Arrow,operatorSymbol,,‚Üì,,,\downarrow
Upper Right Arrow,operatorSymbol,,‚Üó,,,\nearrow
Lower Left Arrow,operatorSymbol,,‚Üô,,,\swarrow
Left Right Arrow,operatorSymbol,,‚Üî,,,\leftrightarrow
Up Down Arrow,operatorSymbol,,‚Üï,,,\updownarrow
Tri-Pointed Upwards Arrow,operatorSymbol,,‚áµ,,,\UpArrowDownArrow
If And Only If,operatorSymbol,,‚áî,,,\iff
End Of Proof,operatorSymbol,,‚ä£,,,\dashv
Converse Implication,operatorSymbol,,‚áê,,,\Leftarrow
Retraction,operatorSymbol,,‚Ü©,,,\hookleftarrow
Inclusion Map,operatorSymbol,,‚Ü™,,,\hookrightarrow
Add Member,operatorSymbol,,;,,,
To,operatorSymbol,,‚Üí,,,\rightarrow
Inverse Assigment,operatorSymbol,,‚âï,,,\eqcolon
Comma,operatorSymbol,,",",,,
/,operator,fraction,,,,\frac
!,operator,factorial,,,,!
‚àö,operator,root,,,,\sqrt